{
  "generated_by": "unicycle_export_firmware.m",
  "timestamp": "2026-03-19 12:15:45",
  "matlab_version": "25.2.0.3150157 (R2025b) Update 4",
  "physical": {
    "dt": 0.005,
    "m_body": 0.85,
    "L_body": 0.28,
    "I_body": 0.022,
    "I_body_r": 0.018,
    "I_rw": 0.0001815,
    "g": 9.81,
    "tau_rw_max": 0.25,
    "tau_base_max": 0.4,
    "omega_rw_max": 800,
    "omega_rw_hard": 950
  },
  "kalman": {
    "L": [
      0.13038003894468353,
      4.7630202823378619E-18,
      0.016249460388228609,
      2.5793541047589753E-19,
      -0,
      0.055563156534694645,
      1.4295022023295013E-16,
      0.25027076204991155,
      1.8949570448156082E-17,
      -0,
      1.6072393316959467E-17,
      0.1053352964583327,
      -3.0568525404381591E-17,
      0.046157839228632425,
      -0,
      3.2060172684577622E-17,
      0.18203304783633723,
      -6.7923919357931958E-17,
      0.34196913927605954,
      -0,
      5.5038024478866084E-20,
      7.85727642873496E-35,
      -3.5743275978466678E-19,
      5.4878710950946476E-36,
      0.011118014578944841
    ],
    "L_rows": 5,
    "L_cols": 5,
    "Ad": [
      1.0003292684064751,
      0.0050005487686319927,
      0,
      0,
      0,
      0.13171458995968643,
      1.0003292684064751,
      0,
      0,
      0,
      0,
      0,
      1.0016218131901775,
      0.005002702729843312,
      0,
      0,
      0,
      0.648900571087976,
      1.0016218131901775,
      0,
      0,
      0,
      0,
      0,
      1
    ],
    "Ad_rows": 5,
    "Ad_cols": 5,
    "Bd": [
      0,
      -0.00014102759423805997,
      0,
      -0.056414133220126284,
      -0.00069463212387352714,
      0,
      -0.27792792943573952,
      0,
      27.548209366391184,
      0
    ],
    "Bd_rows": 5,
    "Bd_cols": 2,
    "Q_kf_diag": [
      0.0001,
      0.001,
      0.0001,
      0.001,
      1E-5
    ],
    "R_kf_diag": [
      2.5E-5,
      2.5E-5,
      6.4E-5,
      6.4E-5,
      0.0004
    ]
  },
  "controllers": {
    "lqr_current": {
      "K": [
        3.0179265008577679E-14,
        -4.9159495518784614E-15,
        -75.460495461408129,
        -6.6999679064015369,
        -0.030766182730857454,
        -27.234694756190219,
        -4.3578153428263766,
        3.1363292218754368E-13,
        2.7545730548965315E-14,
        2.4913637885402122E-16
      ],
      "K_rows": 2,
      "K_cols": 5
    },
    "lqr_dob": {
      "K": [
        3.0179265008577679E-14,
        -4.9159495518784614E-15,
        -75.460495461408129,
        -6.6999679064015369,
        -0.030766182730857454,
        -27.234694756190219,
        -4.3578153428263766,
        3.1363292218754368E-13,
        2.7545730548965315E-14,
        2.4913637885402122E-16
      ],
      "K_rows": 2,
      "K_cols": 5,
      "dob_alpha": 0.14536400084676659
    },
    "robust_hinf_like": {
      "K": [
        -3.8503042306580007E-14,
        -6.9792349050022121E-16,
        -70.5930913217706,
        -6.4159760397447005,
        -0.027945293464409514,
        -24.649474979650478,
        -6.1037816775903169,
        5.45416173477144E-13,
        4.2930386084248924E-14,
        4.9516367222379078E-16
      ],
      "K_rows": 2,
      "K_cols": 5
    },
    "paper_split": {
      "K_pitch": [
        -10.7887233413726,
        -2.9274141290745526
      ],
      "K_pitch_rows": 1,
      "K_pitch_cols": 2,
      "K_roll": [
        -76.1909529999872,
        -6.7307510205440169,
        -0.031482905743634639
      ],
      "K_roll_rows": 1,
      "K_roll_cols": 3
    }
  },
  "safety": {
    "pitch_crash_deg": 35,
    "roll_crash_deg": 35,
    "omega_rw_max": 800,
    "omega_rw_hard": 950
  }
}